"REF_DATE","GEO","DGUID","UOM","UOM_ID","SCALAR_FACTOR","SCALAR_ID","VECTOR","COORDINATE","VALUE","STATUS","SYMBOL","TERMINATED","DECIMALS"
"1951-01","Canada","2016A000011124","Percent","239","units ","0","v733833","1","5.00","","","","2"
"1951-02","Canada","2016A000011124","Percent","239","units ","0","v733833","1","5.00","","","","2"
"1951-03","Canada","2016A000011124","Percent","239","units ","0","v733833","1","5.00","","","","2"
"1951-04","Canada","2016A000011124","Percent","239","units ","0","v733833","1","5.25","","","","2"
"1951-05","Canada","2016A000011124","Percent","239","units ","0","v733833","1","5.50","","","","2"
"1951-06","Canada","2016A000011124","Percent","239","units ","0","v733833","1","5.50","","","","2"
"1951-07","Canada","2016A000011124","Percent","239","units ","0","v733833","1","5.62","","","","2"
"1951-08","Canada","2016A000011124","Percent","239","units ","0","v733833","1","5.62","","","","2"
"1951-09","Canada","2016A000011124","Percent","239","units ","0","v733833","1","5.75","","","","2"
"1951-10","Canada","2016A000011124","Percent","239","units ","0","v733833","1","5.75","","","","2"
"1951-11","Canada","2016A000011124","Percent","239","units ","0","v733833","1","5.75","","","","2"
"1951-12","Canada","2016A000011124","Percent","239","units ","0","v733833","1","5.75","","","","2"
"1952-01","Canada","2016A000011124","Percent","239","units ","0","v733833","1","5.70","","","","2"
"1952-02","Canada","2016A000011124","Percent","239","units ","0","v733833","1","5.70","","","","2"
"1952-03","Canada","2016A000011124","Percent","239","units ","0","v733833","1","5.70","","","","2"
"1952-04","Canada","2016A000011124","Percent","239","units ","0","v733833","1","5.70","","","","2"
"1952-05","Canada","2016A000011124","Percent","239","units ","0","v733833","1","5.80","","","","2"
"1952-06","Canada","2016A000011124","Percent","239","units ","0","v733833","1","5.80","","","","2"
"1952-07","Canada","2016A000011124","Percent","239","units ","0","v733833","1","5.85","","","","2"
"1952-08","Canada","2016A000011124","Percent","239","units ","0","v733833","1","5.85","","","","2"
"1952-09","Canada","2016A000011124","Percent","239","units ","0","v733833","1","5.75","","","","2"
"1952-10","Canada","2016A000011124","Percent","239","units ","0","v733833","1","5.80","","","","2"
"1952-11","Canada","2016A000011124","Percent","239","units ","0","v733833","1","5.80","","","","2"
"1952-12","Canada","2016A000011124","Percent","239","units ","0","v733833","1","5.80","","","","2"
"1953-01","Canada","2016A000011124","Percent","239","units ","0","v733833","1","5.90","","","","2"
"1953-02","Canada","2016A000011124","Percent","239","units ","0","v733833","1","5.90","","","","2"
"1953-03","Canada","2016A000011124","Percent","239","units ","0","v733833","1","5.90","","","","2"
"1953-04","Canada","2016A000011124","Percent","239","units ","0","v733833","1","5.90","","","","2"
"1953-05","Canada","2016A000011124","Percent","239","units ","0","v733833","1","5.90","","","","2"
"1953-06","Canada","2016A000011124","Percent","239","units ","0","v733833","1","5.95","","","","2"
"1953-07","Canada","2016A000011124","Percent","239","units ","0","v733833","1","5.95","","","","2"
"1953-08","Canada","2016A000011124","Percent","239","units ","0","v733833","1","5.95","","","","2"
"1953-09","Canada","2016A000011124","Percent","239","units ","0","v733833","1","6.05","","","","2"
"1953-10","Canada","2016A000011124","Percent","239","units ","0","v733833","1","6.05","","","","2"
"1953-11","Canada","2016A000011124","Percent","239","units ","0","v733833","1","6.10","","","","2"
"1953-12","Canada","2016A000011124","Percent","239","units ","0","v733833","1","6.10","","","","2"
"1954-01","Canada","2016A000011124","Percent","239","units ","0","v733833","1","6.05","","","","2"
"1954-02","Canada","2016A000011124","Percent","239","units ","0","v733833","1","6.05","","","","2"
"1954-03","Canada","2016A000011124","Percent","239","units ","0","v733833","1","6.05","","","","2"
"1954-04","Canada","2016A000011124","Percent","239","units ","0","v733833","1","6.00","","","","2"
"1954-05","Canada","2016A000011124","Percent","239","units ","0","v733833","1","6.00","","","","2"
"1954-06","Canada","2016A000011124","Percent","239","units ","0","v733833","1","6.00","","","","2"
"1954-07","Canada","2016A000011124","Percent","239","units ","0","v733833","1","6.00","","","","2"
"1954-08","Canada","2016A000011124","Percent","239","units ","0","v733833","1","6.00","","","","2"
"1954-09","Canada","2016A000011124","Percent","239","units ","0","v733833","1","6.00","","","","2"
"1954-10","Canada","2016A000011124","Percent","239","units ","0","v733833","1","6.00","","","","2"
"1954-11","Canada","2016A000011124","Percent","239","units ","0","v733833","1","6.00","","","","2"
"1954-12","Canada","2016A000011124","Percent","239","units ","0","v733833","1","6.00","","","","2"
"1955-01","Canada","2016A000011124","Percent","239","units ","0","v733833","1","6.00","","","","2"
"1955-02","Canada","2016A000011124","Percent","239","units ","0","v733833","1","6.00","","","","2"
"1955-03","Canada","2016A000011124","Percent","239","units ","0","v733833","1","6.00","","","","2"
"1955-04","Canada","2016A000011124","Percent","239","units ","0","v733833","1","6.00","","","","2"
"1955-05","Canada","2016A000011124","Percent","239","units ","0","v733833","1","5.75","","","","2"
"1955-06","Canada","2016A000011124","Percent","239","units ","0","v733833","1","5.75","","","","2"
"1955-07","Canada","2016A000011124","Percent","239","units ","0","v733833","1","5.75","","","","2"
"1955-08","Canada","2016A000011124","Percent","239","units ","0","v733833","1","5.70","","","","2"
"1955-09","Canada","2016A000011124","Percent","239","units ","0","v733833","1","5.80","","","","2"
"1955-10","Canada","2016A000011124","Percent","239","units ","0","v733833","1","5.90","","","","2"
"1955-11","Canada","2016A000011124","Percent","239","units ","0","v733833","1","5.95","","","","2"
"1955-12","Canada","2016A000011124","Percent","239","units ","0","v733833","1","5.95","","","","2"
"1956-01","Canada","2016A000011124","Percent","239","units ","0","v733833","1","5.95","","","","2"
"1956-02","Canada","2016A000011124","Percent","239","units ","0","v733833","1","5.95","","","","2"
"1956-03","Canada","2016A000011124","Percent","239","units ","0","v733833","1","6.00","","","","2"
"1956-04","Canada","2016A000011124","Percent","239","units ","0","v733833","1","6.00","","","","2"
"1956-05","Canada","2016A000011124","Percent","239","units ","0","v733833","1","6.00","","","","2"
"1956-06","Canada","2016A000011124","Percent","239","units ","0","v733833","1","6.05","","","","2"
"1956-07","Canada","2016A000011124","Percent","239","units ","0","v733833","1","6.15","","","","2"
"1956-08","Canada","2016A000011124","Percent","239","units ","0","v733833","1","6.35","","","","2"
"1956-09","Canada","2016A000011124","Percent","239","units ","0","v733833","1","6.40","","","","2"
"1956-10","Canada","2016A000011124","Percent","239","units ","0","v733833","1","6.55","","","","2"
"1956-11","Canada","2016A000011124","Percent","239","units ","0","v733833","1","6.65","","","","2"
"1956-12","Canada","2016A000011124","Percent","239","units ","0","v733833","1","6.65","","","","2"
"1957-01","Canada","2016A000011124","Percent","239","units ","0","v733833","1","6.70","","","","2"
"1957-02","Canada","2016A000011124","Percent","239","units ","0","v733833","1","6.75","","","","2"
"1957-03","Canada","2016A000011124","Percent","239","units ","0","v733833","1","6.75","","","","2"
"1957-04","Canada","2016A000011124","Percent","239","units ","0","v733833","1","6.75","","","","2"
"1957-05","Canada","2016A000011124","Percent","239","units ","0","v733833","1","6.75","","","","2"
"1957-06","Canada","2016A000011124","Percent","239","units ","0","v733833","1","6.85","","","","2"
"1957-07","Canada","2016A000011124","Percent","239","units ","0","v733833","1","6.85","","","","2"
"1957-08","Canada","2016A000011124","Percent","239","units ","0","v733833","1","6.90","","","","2"
"1957-09","Canada","2016A000011124","Percent","239","units ","0","v733833","1","7.00","","","","2"
"1957-10","Canada","2016A000011124","Percent","239","units ","0","v733833","1","7.00","","","","2"
"1957-11","Canada","2016A000011124","Percent","239","units ","0","v733833","1","7.00","","","","2"
"1957-12","Canada","2016A000011124","Percent","239","units ","0","v733833","1","6.95","","","","2"
"1958-01","Canada","2016A000011124","Percent","239","units ","0","v733833","1","6.95","","","","2"
"1958-02","Canada","2016A000011124","Percent","239","units ","0","v733833","1","6.90","","","","2"
"1958-03","Canada","2016A000011124","Percent","239","units ","0","v733833","1","6.80","","","","2"
"1958-04","Canada","2016A000011124","Percent","239","units ","0","v733833","1","6.75","","","","2"
"1958-05","Canada","2016A000011124","Percent","239","units ","0","v733833","1","6.75","","","","2"
"1958-06","Canada","2016A000011124","Percent","239","units ","0","v733833","1","6.75","","","","2"
"1958-07","Canada","2016A000011124","Percent","239","units ","0","v733833","1","6.75","","","","2"
"1958-08","Canada","2016A000011124","Percent","239","units ","0","v733833","1","6.75","","","","2"
"1958-09","Canada","2016A000011124","Percent","239","units ","0","v733833","1","6.75","","","","2"
"1958-10","Canada","2016A000011124","Percent","239","units ","0","v733833","1","6.80","","","","2"
"1958-11","Canada","2016A000011124","Percent","239","units ","0","v733833","1","6.80","","","","2"
"1958-12","Canada","2016A000011124","Percent","239","units ","0","v733833","1","6.80","","","","2"
"1959-01","Canada","2016A000011124","Percent","239","units ","0","v733833","1","6.85","","","","2"
"1959-02","Canada","2016A000011124","Percent","239","units ","0","v733833","1","6.85","","","","2"
"1959-03","Canada","2016A000011124","Percent","239","units ","0","v733833","1","6.85","","","","2"
"1959-04","Canada","2016A000011124","Percent","239","units ","0","v733833","1","6.80","","","","2"
"1959-05","Canada","2016A000011124","Percent","239","units ","0","v733833","1","6.80","","","","2"
"1959-06","Canada","2016A000011124","Percent","239","units ","0","v733833","1","6.85","","","","2"
"1959-07","Canada","2016A000011124","Percent","239","units ","0","v733833","1","6.85","","","","2"
"1959-08","Canada","2016A000011124","Percent","239","units ","0","v733833","1","6.95","","","","2"
"1959-09","Canada","2016A000011124","Percent","239","units ","0","v733833","1","7.20","","","","2"
"1959-10","Canada","2016A000011124","Percent","239","units ","0","v733833","1","7.20","","","","2"
"1959-11","Canada","2016A000011124","Percent","239","units ","0","v733833","1","7.25","","","","2"
"1959-12","Canada","2016A000011124","Percent","239","units ","0","v733833","1","7.25","","","","2"
"1960-01","Canada","2016A000011124","Percent","239","units ","0","v733833","1","7.30","","","","2"
"1960-02","Canada","2016A000011124","Percent","239","units ","0","v733833","1","7.30","","","","2"
"1960-03","Canada","2016A000011124","Percent","239","units ","0","v733833","1","7.30","","","","2"
"1960-04","Canada","2016A000011124","Percent","239","units ","0","v733833","1","7.30","","","","2"
"1960-05","Canada","2016A000011124","Percent","239","units ","0","v733833","1","7.25","","","","2"
"1960-06","Canada","2016A000011124","Percent","239","units ","0","v733833","1","7.25","","","","2"
"1960-07","Canada","2016A000011124","Percent","239","units ","0","v733833","1","7.15","","","","2"
"1960-08","Canada","2016A000011124","Percent","239","units ","0","v733833","1","7.15","","","","2"
"1960-09","Canada","2016A000011124","Percent","239","units ","0","v733833","1","7.10","","","","2"
"1960-10","Canada","2016A000011124","Percent","239","units ","0","v733833","1","7.00","","","","2"
"1960-11","Canada","2016A000011124","Percent","239","units ","0","v733833","1","7.00","","","","2"
"1960-12","Canada","2016A000011124","Percent","239","units ","0","v733833","1","7.00","","","","2"
"1961-01","Canada","2016A000011124","Percent","239","units ","0","v733833","1","7.00","","","","2"
"1961-02","Canada","2016A000011124","Percent","239","units ","0","v733833","1","7.00","","","","2"
"1961-03","Canada","2016A000011124","Percent","239","units ","0","v733833","1","7.00","","","","2"
"1961-04","Canada","2016A000011124","Percent","239","units ","0","v733833","1","7.00","","","","2"
"1961-05","Canada","2016A000011124","Percent","239","units ","0","v733833","1","7.00","","","","2"
"1961-06","Canada","2016A000011124","Percent","239","units ","0","v733833","1","7.00","","","","2"
"1961-07","Canada","2016A000011124","Percent","239","units ","0","v733833","1","7.00","","","","2"
"1961-08","Canada","2016A000011124","Percent","239","units ","0","v733833","1","7.00","","","","2"
"1961-09","Canada","2016A000011124","Percent","239","units ","0","v733833","1","7.00","","","","2"
"1961-10","Canada","2016A000011124","Percent","239","units ","0","v733833","1","7.00","","","","2"
"1961-11","Canada","2016A000011124","Percent","239","units ","0","v733833","1","7.00","","","","2"
"1961-12","Canada","2016A000011124","Percent","239","units ","0","v733833","1","7.00","","","","2"
"1962-01","Canada","2016A000011124","Percent","239","units ","0","v733833","1","7.00","","","","2"
"1962-02","Canada","2016A000011124","Percent","239","units ","0","v733833","1","7.00","","","","2"
"1962-03","Canada","2016A000011124","Percent","239","units ","0","v733833","1","7.00","","","","2"
"1962-04","Canada","2016A000011124","Percent","239","units ","0","v733833","1","6.90","","","","2"
"1962-05","Canada","2016A000011124","Percent","239","units ","0","v733833","1","6.80","","","","2"
"1962-06","Canada","2016A000011124","Percent","239","units ","0","v733833","1","6.95","","","","2"
"1962-07","Canada","2016A000011124","Percent","239","units ","0","v733833","1","7.00","","","","2"
"1962-08","Canada","2016A000011124","Percent","239","units ","0","v733833","1","7.00","","","","2"
"1962-09","Canada","2016A000011124","Percent","239","units ","0","v733833","1","7.00","","","","2"
"1962-10","Canada","2016A000011124","Percent","239","units ","0","v733833","1","7.00","","","","2"
"1962-11","Canada","2016A000011124","Percent","239","units ","0","v733833","1","7.00","","","","2"
"1962-12","Canada","2016A000011124","Percent","239","units ","0","v733833","1","7.00","","","","2"
"1963-01","Canada","2016A000011124","Percent","239","units ","0","v733833","1","7.00","","","","2"
"1963-02","Canada","2016A000011124","Percent","239","units ","0","v733833","1","7.00","","","","2"
"1963-03","Canada","2016A000011124","Percent","239","units ","0","v733833","1","7.00","","","","2"
"1963-04","Canada","2016A000011124","Percent","239","units ","0","v733833","1","6.94","","","","2"
"1963-05","Canada","2016A000011124","Percent","239","units ","0","v733833","1","6.91","","","","2"
"1963-06","Canada","2016A000011124","Percent","239","units ","0","v733833","1","6.91","","","","2"
"1963-07","Canada","2016A000011124","Percent","239","units ","0","v733833","1","6.91","","","","2"
"1963-08","Canada","2016A000011124","Percent","239","units ","0","v733833","1","7.00","","","","2"
"1963-09","Canada","2016A000011124","Percent","239","units ","0","v733833","1","7.00","","","","2"
"1963-10","Canada","2016A000011124","Percent","239","units ","0","v733833","1","7.00","","","","2"
"1963-11","Canada","2016A000011124","Percent","239","units ","0","v733833","1","7.00","","","","2"
"1963-12","Canada","2016A000011124","Percent","239","units ","0","v733833","1","7.00","","","","2"
"1964-01","Canada","2016A000011124","Percent","239","units ","0","v733833","1","7.00","","","","2"
"1964-02","Canada","2016A000011124","Percent","239","units ","0","v733833","1","7.00","","","","2"
"1964-03","Canada","2016A000011124","Percent","239","units ","0","v733833","1","7.00","","","","2"
"1964-04","Canada","2016A000011124","Percent","239","units ","0","v733833","1","6.95","","","","2"
"1964-05","Canada","2016A000011124","Percent","239","units ","0","v733833","1","6.88","","","","2"
"1964-06","Canada","2016A000011124","Percent","239","units ","0","v733833","1","6.88","","","","2"
"1964-07","Canada","2016A000011124","Percent","239","units ","0","v733833","1","6.88","","","","2"
"1964-08","Canada","2016A000011124","Percent","239","units ","0","v733833","1","7.00","","","","2"
"1964-09","Canada","2016A000011124","Percent","239","units ","0","v733833","1","7.00","","","","2"
"1964-10","Canada","2016A000011124","Percent","239","units ","0","v733833","1","7.00","","","","2"
"1964-11","Canada","2016A000011124","Percent","239","units ","0","v733833","1","7.00","","","","2"
"1964-12","Canada","2016A000011124","Percent","239","units ","0","v733833","1","7.00","","","","2"
"1965-01","Canada","2016A000011124","Percent","239","units ","0","v733833","1","6.90","","","","2"
"1965-02","Canada","2016A000011124","Percent","239","units ","0","v733833","1","6.85","","","","2"
"1965-03","Canada","2016A000011124","Percent","239","units ","0","v733833","1","6.82","","","","2"
"1965-04","Canada","2016A000011124","Percent","239","units ","0","v733833","1","6.82","","","","2"
"1965-05","Canada","2016A000011124","Percent","239","units ","0","v733833","1","6.83","","","","2"
"1965-06","Canada","2016A000011124","Percent","239","units ","0","v733833","1","6.83","","","","2"
"1965-07","Canada","2016A000011124","Percent","239","units ","0","v733833","1","7.02","","","","2"
"1965-08","Canada","2016A000011124","Percent","239","units ","0","v733833","1","7.13","","","","2"
"1965-09","Canada","2016A000011124","Percent","239","units ","0","v733833","1","7.15","","","","2"
"1965-10","Canada","2016A000011124","Percent","239","units ","0","v733833","1","7.25","","","","2"
"1965-11","Canada","2016A000011124","Percent","239","units ","0","v733833","1","7.29","","","","2"
"1965-12","Canada","2016A000011124","Percent","239","units ","0","v733833","1","7.40","","","","2"
"1966-01","Canada","2016A000011124","Percent","239","units ","0","v733833","1","7.38","","","","2"
"1966-02","Canada","2016A000011124","Percent","239","units ","0","v733833","1","7.45","","","","2"
"1966-03","Canada","2016A000011124","Percent","239","units ","0","v733833","1","7.46","","","","2"
"1966-04","Canada","2016A000011124","Percent","239","units ","0","v733833","1","7.48","","","","2"
"1966-05","Canada","2016A000011124","Percent","239","units ","0","v733833","1","7.51","","","","2"
"1966-06","Canada","2016A000011124","Percent","239","units ","0","v733833","1","7.57","","","","2"
"1966-07","Canada","2016A000011124","Percent","239","units ","0","v733833","1","7.68","","","","2"
"1966-08","Canada","2016A000011124","Percent","239","units ","0","v733833","1","7.80","","","","2"
"1966-09","Canada","2016A000011124","Percent","239","units ","0","v733833","1","7.84","","","","2"
"1966-10","Canada","2016A000011124","Percent","239","units ","0","v733833","1","7.87","","","","2"
"1966-11","Canada","2016A000011124","Percent","239","units ","0","v733833","1","7.91","","","","2"
"1966-12","Canada","2016A000011124","Percent","239","units ","0","v733833","1","7.95","","","","2"
"1967-01","Canada","2016A000011124","Percent","239","units ","0","v733833","1","7.93","","","","2"
"1967-02","Canada","2016A000011124","Percent","239","units ","0","v733833","1","7.89","","","","2"
"1967-03","Canada","2016A000011124","Percent","239","units ","0","v733833","1","7.83","","","","2"
"1967-04","Canada","2016A000011124","Percent","239","units ","0","v733833","1","7.80","","","","2"
"1967-05","Canada","2016A000011124","Percent","239","units ","0","v733833","1","7.77","","","","2"
"1967-06","Canada","2016A000011124","Percent","239","units ","0","v733833","1","7.88","","","","2"
"1967-07","Canada","2016A000011124","Percent","239","units ","0","v733833","1","8.02","","","","2"
"1967-08","Canada","2016A000011124","Percent","239","units ","0","v733833","1","8.05","","","","2"
"1967-09","Canada","2016A000011124","Percent","239","units ","0","v733833","1","8.10","","","","2"
"1967-10","Canada","2016A000011124","Percent","239","units ","0","v733833","1","8.49","","","","2"
"1967-11","Canada","2016A000011124","Percent","239","units ","0","v733833","1","8.52","","","","2"
"1967-12","Canada","2016A000011124","Percent","239","units ","0","v733833","1","8.52","","","","2"
"1968-01","Canada","2016A000011124","Percent","239","units ","0","v733833","1","8.83","","","","2"
"1968-02","Canada","2016A000011124","Percent","239","units ","0","v733833","1","8.84","","","","2"
"1968-03","Canada","2016A000011124","Percent","239","units ","0","v733833","1","8.96","","","","2"
"1968-04","Canada","2016A000011124","Percent","239","units ","0","v733833","1","9.20","","","","2"
"1968-05","Canada","2016A000011124","Percent","239","units ","0","v733833","1","9.23","","","","2"
"1968-06","Canada","2016A000011124","Percent","239","units ","0","v733833","1","9.18","","","","2"
"1968-07","Canada","2016A000011124","Percent","239","units ","0","v733833","1","9.14","","","","2"
"1968-08","Canada","2016A000011124","Percent","239","units ","0","v733833","1","9.12","","","","2"
"1968-09","Canada","2016A000011124","Percent","239","units ","0","v733833","1","9.03","","","","2"
"1968-10","Canada","2016A000011124","Percent","239","units ","0","v733833","1","9.01","","","","2"
"1968-11","Canada","2016A000011124","Percent","239","units ","0","v733833","1","9.09","","","","2"
"1968-12","Canada","2016A000011124","Percent","239","units ","0","v733833","1","9.10","","","","2"
"1969-01","Canada","2016A000011124","Percent","239","units ","0","v733833","1","9.45","","","","2"
"1969-02","Canada","2016A000011124","Percent","239","units ","0","v733833","1","9.45","","","","2"
"1969-03","Canada","2016A000011124","Percent","239","units ","0","v733833","1","9.48","","","","2"
"1969-04","Canada","2016A000011124","Percent","239","units ","0","v733833","1","9.52","","","","2"
"1969-05","Canada","2016A000011124","Percent","239","units ","0","v733833","1","9.46","","","","2"
"1969-06","Canada","2016A000011124","Percent","239","units ","0","v733833","1","9.69","","","","2"
"1969-07","Canada","2016A000011124","Percent","239","units ","0","v733833","1","9.90","","","","2"
"1969-08","Canada","2016A000011124","Percent","239","units ","0","v733833","1","9.99","","","","2"
"1969-09","Canada","2016A000011124","Percent","239","units ","0","v733833","1","10.11","","","","2"
"1969-10","Canada","2016A000011124","Percent","239","units ","0","v733833","1","10.21","","","","2"
"1969-11","Canada","2016A000011124","Percent","239","units ","0","v733833","1","10.30","","","","2"
"1969-12","Canada","2016A000011124","Percent","239","units ","0","v733833","1","10.50","","","","2"
"1970-01","Canada","2016A000011124","Percent","239","units ","0","v733833","1","10.58","","","","2"
"1970-02","Canada","2016A000011124","Percent","239","units ","0","v733833","1","10.54","","","","2"
"1970-03","Canada","2016A000011124","Percent","239","units ","0","v733833","1","10.58","","","","2"
"1970-04","Canada","2016A000011124","Percent","239","units ","0","v733833","1","10.60","","","","2"
"1970-05","Canada","2016A000011124","Percent","239","units ","0","v733833","1","10.58","","","","2"
"1970-06","Canada","2016A000011124","Percent","239","units ","0","v733833","1","10.53","","","","2"
"1970-07","Canada","2016A000011124","Percent","239","units ","0","v733833","1","10.38","","","","2"
"1970-08","Canada","2016A000011124","Percent","239","units ","0","v733833","1","10.40","","","","2"
"1970-09","Canada","2016A000011124","Percent","239","units ","0","v733833","1","10.36","","","","2"
"1970-10","Canada","2016A000011124","Percent","239","units ","0","v733833","1","10.35","","","","2"
"1970-11","Canada","2016A000011124","Percent","239","units ","0","v733833","1","10.28","","","","2"
"1970-12","Canada","2016A000011124","Percent","239","units ","0","v733833","1","10.16","","","","2"
"1971-01","Canada","2016A000011124","Percent","239","units ","0","v733833","1","9.94","","","","2"
"1971-02","Canada","2016A000011124","Percent","239","units ","0","v733833","1","9.72","","","","2"
"1971-03","Canada","2016A000011124","Percent","239","units ","0","v733833","1","9.28","","","","2"
"1971-04","Canada","2016A000011124","Percent","239","units ","0","v733833","1","9.20","","","","2"
"1971-05","Canada","2016A000011124","Percent","239","units ","0","v733833","1","9.25","","","","2"
"1971-06","Canada","2016A000011124","Percent","239","units ","0","v733833","1","9.34","","","","2"
"1971-07","Canada","2016A000011124","Percent","239","units ","0","v733833","1","9.46","","","","2"
"1971-08","Canada","2016A000011124","Percent","239","units ","0","v733833","1","9.53","","","","2"
"1971-09","Canada","2016A000011124","Percent","239","units ","0","v733833","1","9.55","","","","2"
"1971-10","Canada","2016A000011124","Percent","239","units ","0","v733833","1","9.55","","","","2"
"1971-11","Canada","2016A000011124","Percent","239","units ","0","v733833","1","9.26","","","","2"
"1971-12","Canada","2016A000011124","Percent","239","units ","0","v733833","1","9.10","","","","2"
"1972-01","Canada","2016A000011124","Percent","239","units ","0","v733833","1","9.04","","","","2"
"1972-02","Canada","2016A000011124","Percent","239","units ","0","v733833","1","8.93","","","","2"
"1972-03","Canada","2016A000011124","Percent","239","units ","0","v733833","1","8.97","","","","2"
"1972-04","Canada","2016A000011124","Percent","239","units ","0","v733833","1","9.03","","","","2"
"1972-05","Canada","2016A000011124","Percent","239","units ","0","v733833","1","9.16","","","","2"
"1972-06","Canada","2016A000011124","Percent","239","units ","0","v733833","1","9.37","","","","2"
"1972-07","Canada","2016A000011124","Percent","239","units ","0","v733833","1","9.41","","","","2"
"1972-08","Canada","2016A000011124","Percent","239","units ","0","v733833","1","9.41","","","","2"
"1972-09","Canada","2016A000011124","Percent","239","units ","0","v733833","1","9.38","","","","2"
"1972-10","Canada","2016A000011124","Percent","239","units ","0","v733833","1","9.35","","","","2"
"1972-11","Canada","2016A000011124","Percent","239","units ","0","v733833","1","9.30","","","","2"
"1972-12","Canada","2016A000011124","Percent","239","units ","0","v733833","1","9.22","","","","2"
"1973-01","Canada","2016A000011124","Percent","239","units ","0","v733833","1","9.09","","","","2"
"1973-02","Canada","2016A000011124","Percent","239","units ","0","v733833","1","9.02","","","","2"
"1973-03","Canada","2016A000011124","Percent","239","units ","0","v733833","1","9.07","","","","2"
"1973-04","Canada","2016A000011124","Percent","239","units ","0","v733833","1","9.15","","","","2"
"1973-05","Canada","2016A000011124","Percent","239","units ","0","v733833","1","9.30","","","","2"
"1973-06","Canada","2016A000011124","Percent","239","units ","0","v733833","1","9.52","","","","2"
"1973-07","Canada","2016A000011124","Percent","239","units ","0","v733833","1","9.71","","","","2"
"1973-08","Canada","2016A000011124","Percent","239","units ","0","v733833","1","9.91","","","","2"
"1973-09","Canada","2016A000011124","Percent","239","units ","0","v733833","1","10.13","","","","2"
"1973-10","Canada","2016A000011124","Percent","239","units ","0","v733833","1","10.13","","","","2"
"1973-11","Canada","2016A000011124","Percent","239","units ","0","v733833","1","10.08","","","","2"
"1973-12","Canada","2016A000011124","Percent","239","units ","0","v733833","1","10.02","","","","2"
"1974-01","Canada","2016A000011124","Percent","239","units ","0","v733833","1","10.02","","","","2"
"1974-02","Canada","2016A000011124","Percent","239","units ","0","v733833","1","10.01","","","","2"
"1974-03","Canada","2016A000011124","Percent","239","units ","0","v733833","1","10.04","","","","2"
"1974-04","Canada","2016A000011124","Percent","239","units ","0","v733833","1","10.70","","","","2"
"1974-05","Canada","2016A000011124","Percent","239","units ","0","v733833","1","11.26","","","","2"
"1974-06","Canada","2016A000011124","Percent","239","units ","0","v733833","1","11.37","","","","2"
"1974-07","Canada","2016A000011124","Percent","239","units ","0","v733833","1","11.60","","","","2"
"1974-08","Canada","2016A000011124","Percent","239","units ","0","v733833","1","11.85","","","","2"
"1974-09","Canada","2016A000011124","Percent","239","units ","0","v733833","1","12.05","","","","2"
"1974-10","Canada","2016A000011124","Percent","239","units ","0","v733833","1","12.05","","","","2"
"1974-11","Canada","2016A000011124","Percent","239","units ","0","v733833","1","12.00","","","","2"
"1974-12","Canada","2016A000011124","Percent","239","units ","0","v733833","1","11.88","","","","2"
"1975-01","Canada","2016A000011124","Percent","239","units ","0","v733833","1","11.81","","","","2"
"1975-02","Canada","2016A000011124","Percent","239","units ","0","v733833","1","10.95","","","","2"
"1975-03","Canada","2016A000011124","Percent","239","units ","0","v733833","1","10.65","","","","2"
"1975-04","Canada","2016A000011124","Percent","239","units ","0","v733833","1","10.67","","","","2"
"1975-05","Canada","2016A000011124","Percent","239","units ","0","v733833","1","10.99","","","","2"
"1975-06","Canada","2016A000011124","Percent","239","units ","0","v733833","1","11.23","","","","2"
"1975-07","Canada","2016A000011124","Percent","239","units ","0","v733833","1","11.35","","","","2"
"1975-08","Canada","2016A000011124","Percent","239","units ","0","v733833","1","11.52","","","","2"
"1975-09","Canada","2016A000011124","Percent","239","units ","0","v733833","1","11.94","","","","2"
"1975-10","Canada","2016A000011124","Percent","239","units ","0","v733833","1","12.15","","","","2"
"1975-11","Canada","2016A000011124","Percent","239","units ","0","v733833","1","11.97","","","","2"
"1975-12","Canada","2016A000011124","Percent","239","units ","0","v733833","1","11.89","","","","2"
"1976-01","Canada","2016A000011124","Percent","239","units ","0","v733833","1","11.84","","","","2"
"1976-02","Canada","2016A000011124","Percent","239","units ","0","v733833","1","11.80","","","","2"
"1976-03","Canada","2016A000011124","Percent","239","units ","0","v733833","1","11.90","","","","2"
"1976-04","Canada","2016A000011124","Percent","239","units ","0","v733833","1","12.03","","","","2"
"1976-05","Canada","2016A000011124","Percent","239","units ","0","v733833","1","11.99","","","","2"
"1976-06","Canada","2016A000011124","Percent","239","units ","0","v733833","1","11.93","","","","2"
"1976-07","Canada","2016A000011124","Percent","239","units ","0","v733833","1","11.86","","","","2"
"1976-08","Canada","2016A000011124","Percent","239","units ","0","v733833","1","11.83","","","","2"
"1976-09","Canada","2016A000011124","Percent","239","units ","0","v733833","1","11.76","","","","2"
"1976-10","Canada","2016A000011124","Percent","239","units ","0","v733833","1","11.60","","","","2"
"1976-11","Canada","2016A000011124","Percent","239","units ","0","v733833","1","11.56","","","","2"
"1976-12","Canada","2016A000011124","Percent","239","units ","0","v733833","1","11.27","","","","2"
"1977-01","Canada","2016A000011124","Percent","239","units ","0","v733833","1","10.75","","","","2"
"1977-02","Canada","2016A000011124","Percent","239","units ","0","v733833","1","10.25","","","","2"
"1977-03","Canada","2016A000011124","Percent","239","units ","0","v733833","1","10.25","","","","2"
"1977-04","Canada","2016A000011124","Percent","239","units ","0","v733833","1","10.25","","","","2"
"1977-05","Canada","2016A000011124","Percent","239","units ","0","v733833","1","10.38","","","","2"
"1977-06","Canada","2016A000011124","Percent","239","units ","0","v733833","1","10.35","","","","2"
"1977-07","Canada","2016A000011124","Percent","239","units ","0","v733833","1","10.40","","","","2"
"1977-08","Canada","2016A000011124","Percent","239","units ","0","v733833","1","10.33","","","","2"
"1977-09","Canada","2016A000011124","Percent","239","units ","0","v733833","1","10.32","","","","2"
"1977-10","Canada","2016A000011124","Percent","239","units ","0","v733833","1","10.34","","","","2"
"1977-11","Canada","2016A000011124","Percent","239","units ","0","v733833","1","10.34","","","","2"
"1977-12","Canada","2016A000011124","Percent","239","units ","0","v733833","1","10.33","","","","2"
"1978-01","Canada","2016A000011124","Percent","239","units ","0","v733833","1","10.32","","","","2"
"1978-02","Canada","2016A000011124","Percent","239","units ","0","v733833","1","10.31","","","","2"
"1978-03","Canada","2016A000011124","Percent","239","units ","0","v733833","1","10.33","","","","2"
"1978-04","Canada","2016A000011124","Percent","239","units ","0","v733833","1","10.42","","","","2"
"1978-05","Canada","2016A000011124","Percent","239","units ","0","v733833","1","10.43","","","","2"
"1978-06","Canada","2016A000011124","Percent","239","units ","0","v733833","1","10.32","","","","2"
"1978-07","Canada","2016A000011124","Percent","239","units ","0","v733833","1","10.31","","","","2"
"1978-08","Canada","2016A000011124","Percent","239","units ","0","v733833","1","10.31","","","","2"
"1978-09","Canada","2016A000011124","Percent","239","units ","0","v733833","1","10.67","","","","2"
"1978-10","Canada","2016A000011124","Percent","239","units ","0","v733833","1","10.93","","","","2"
"1978-11","Canada","2016A000011124","Percent","239","units ","0","v733833","1","11.25","","","","2"
"1978-12","Canada","2016A000011124","Percent","239","units ","0","v733833","1","11.53","","","","2"
"1979-01","Canada","2016A000011124","Percent","239","units ","0","v733833","1","11.28","","","","2"
"1979-02","Canada","2016A000011124","Percent","239","units ","0","v733833","1","11.25","","","","2"
"1979-03","Canada","2016A000011124","Percent","239","units ","0","v733833","1","11.11","","","","2"
"1979-04","Canada","2016A000011124","Percent","239","units ","0","v733833","1","11.05","","","","2"
"1979-05","Canada","2016A000011124","Percent","239","units ","0","v733833","1","11.06","","","","2"
"1979-06","Canada","2016A000011124","Percent","239","units ","0","v733833","1","11.16","","","","2"
"1979-07","Canada","2016A000011124","Percent","239","units ","0","v733833","1","11.20","","","","2"
"1979-08","Canada","2016A000011124","Percent","239","units ","0","v733833","1","11.80","","","","2"
"1979-09","Canada","2016A000011124","Percent","239","units ","0","v733833","1","12.25","","","","2"
"1979-10","Canada","2016A000011124","Percent","239","units ","0","v733833","1","13.50","","","","2"
"1979-11","Canada","2016A000011124","Percent","239","units ","0","v733833","1","14.46","","","","2"
"1979-12","Canada","2016A000011124","Percent","239","units ","0","v733833","1","13.58","","","","2"
"1980-01","Canada","2016A000011124","Percent","239","units ","0","v733833","1","13.26","","","","2"
"1980-02","Canada","2016A000011124","Percent","239","units ","0","v733833","1","13.50","","","","2"
"1980-03","Canada","2016A000011124","Percent","239","units ","0","v733833","1","14.69","","","","2"
"1980-04","Canada","2016A000011124","Percent","239","units ","0","v733833","1","16.94","","","","2"
"1980-05","Canada","2016A000011124","Percent","239","units ","0","v733833","1","13.99","","","","2"
"1980-06","Canada","2016A000011124","Percent","239","units ","0","v733833","1","12.92","","","","2"
"1980-07","Canada","2016A000011124","Percent","239","units ","0","v733833","1","13.09","","","","2"
"1980-08","Canada","2016A000011124","Percent","239","units ","0","v733833","1","13.44","","","","2"
"1980-09","Canada","2016A000011124","Percent","239","units ","0","v733833","1","14.50","","","","2"
"1980-10","Canada","2016A000011124","Percent","239","units ","0","v733833","1","14.87","","","","2"
"1980-11","Canada","2016A000011124","Percent","239","units ","0","v733833","1","15.00","","","","2"
"1980-12","Canada","2016A000011124","Percent","239","units ","0","v733833","1","15.60","","","","2"
"1981-01","Canada","2016A000011124","Percent","239","units ","0","v733833","1","15.17","","","","2"
"1981-02","Canada","2016A000011124","Percent","239","units ","0","v733833","1","15.27","","","","2"
"1981-03","Canada","2016A000011124","Percent","239","units ","0","v733833","1","15.75","","","","2"
"1981-04","Canada","2016A000011124","Percent","239","units ","0","v733833","1","16.45","","","","2"
"1981-05","Canada","2016A000011124","Percent","239","units ","0","v733833","1","17.82","","","","2"
"1981-06","Canada","2016A000011124","Percent","239","units ","0","v733833","1","18.55","","","","2"
"1981-07","Canada","2016A000011124","Percent","239","units ","0","v733833","1","18.90","","","","2"
"1981-08","Canada","2016A000011124","Percent","239","units ","0","v733833","1","21.30","","","","2"
"1981-09","Canada","2016A000011124","Percent","239","units ","0","v733833","1","21.46","","","","2"
"1981-10","Canada","2016A000011124","Percent","239","units ","0","v733833","1","20.54","","","","2"
"1981-11","Canada","2016A000011124","Percent","239","units ","0","v733833","1","18.80","","","","2"
"1981-12","Canada","2016A000011124","Percent","239","units ","0","v733833","1","17.79","","","","2"
"1982-01","Canada","2016A000011124","Percent","239","units ","0","v733833","1","18.21","","","","2"
"1982-02","Canada","2016A000011124","Percent","239","units ","0","v733833","1","18.97","","","","2"
"1982-03","Canada","2016A000011124","Percent","239","units ","0","v733833","1","19.41","","","","2"
"1982-04","Canada","2016A000011124","Percent","239","units ","0","v733833","1","19.28","","","","2"
"1982-05","Canada","2016A000011124","Percent","239","units ","0","v733833","1","19.11","","","","2"
"1982-06","Canada","2016A000011124","Percent","239","units ","0","v733833","1","19.10","","","","2"
"1982-07","Canada","2016A000011124","Percent","239","units ","0","v733833","1","19.22","","","","2"
"1982-08","Canada","2016A000011124","Percent","239","units ","0","v733833","1","18.72","","","","2"
"1982-09","Canada","2016A000011124","Percent","239","units ","0","v733833","1","17.49","","","","2"
"1982-10","Canada","2016A000011124","Percent","239","units ","0","v733833","1","16.02","","","","2"
"1982-11","Canada","2016A000011124","Percent","239","units ","0","v733833","1","14.79","","","","2"
"1982-12","Canada","2016A000011124","Percent","239","units ","0","v733833","1","14.34","","","","2"
"1983-01","Canada","2016A000011124","Percent","239","units ","0","v733833","1","14.05","","","","2"
"1983-02","Canada","2016A000011124","Percent","239","units ","0","v733833","1","13.60","","","","2"
"1983-03","Canada","2016A000011124","Percent","239","units ","0","v733833","1","13.45","","","","2"
"1983-04","Canada","2016A000011124","Percent","239","units ","0","v733833","1","13.26","","","","2"
"1983-05","Canada","2016A000011124","Percent","239","units ","0","v733833","1","13.16","","","","2"
"1983-06","Canada","2016A000011124","Percent","239","units ","0","v733833","1","12.98","","","","2"
"1983-07","Canada","2016A000011124","Percent","239","units ","0","v733833","1","13.08","","","","2"
"1983-08","Canada","2016A000011124","Percent","239","units ","0","v733833","1","13.57","","","","2"
"1983-09","Canada","2016A000011124","Percent","239","units ","0","v733833","1","13.88","","","","2"
"1983-10","Canada","2016A000011124","Percent","239","units ","0","v733833","1","13.10","","","","2"
"1983-11","Canada","2016A000011124","Percent","239","units ","0","v733833","1","12.84","","","","2"
"1983-12","Canada","2016A000011124","Percent","239","units ","0","v733833","1","12.55","","","","2"
"1984-01","Canada","2016A000011124","Percent","239","units ","0","v733833","1","12.55","","","","2"
"1984-02","Canada","2016A000011124","Percent","239","units ","0","v733833","1","12.52","","","","2"
"1984-03","Canada","2016A000011124","Percent","239","units ","0","v733833","1","12.82","","","","2"
"1984-04","Canada","2016A000011124","Percent","239","units ","0","v733833","1","13.51","","","","2"
"1984-05","Canada","2016A000011124","Percent","239","units ","0","v733833","1","14.26","","","","2"
"1984-06","Canada","2016A000011124","Percent","239","units ","0","v733833","1","14.53","","","","2"
"1984-07","Canada","2016A000011124","Percent","239","units ","0","v733833","1","14.96","","","","2"
"1984-08","Canada","2016A000011124","Percent","239","units ","0","v733833","1","14.45","","","","2"
"1984-09","Canada","2016A000011124","Percent","239","units ","0","v733833","1","13.99","","","","2"
"1984-10","Canada","2016A000011124","Percent","239","units ","0","v733833","1","13.72","","","","2"
"1984-11","Canada","2016A000011124","Percent","239","units ","0","v733833","1","13.25","","","","2"
"1984-12","Canada","2016A000011124","Percent","239","units ","0","v733833","1","12.74","","","","2"
"1985-01","Canada","2016A000011124","Percent","239","units ","0","v733833","1","12.44","","","","2"
"1985-02","Canada","2016A000011124","Percent","239","units ","0","v733833","1","12.57","","","","2"
"1985-03","Canada","2016A000011124","Percent","239","units ","0","v733833","1","13.43","","","","2"
"1985-04","Canada","2016A000011124","Percent","239","units ","0","v733833","1","12.77","","","","2"
"1985-05","Canada","2016A000011124","Percent","239","units ","0","v733833","1","12.38","","","","2"
"1985-06","Canada","2016A000011124","Percent","239","units ","0","v733833","1","11.89","","","","2"
"1985-07","Canada","2016A000011124","Percent","239","units ","0","v733833","1","11.75","","","","2"
"1985-08","Canada","2016A000011124","Percent","239","units ","0","v733833","1","11.77","","","","2"
"1985-09","Canada","2016A000011124","Percent","239","units ","0","v733833","1","11.85","","","","2"
"1985-10","Canada","2016A000011124","Percent","239","units ","0","v733833","1","11.96","","","","2"
"1985-11","Canada","2016A000011124","Percent","239","units ","0","v733833","1","11.75","","","","2"
"1985-12","Canada","2016A000011124","Percent","239","units ","0","v733833","1","11.61","","","","2"
"1986-01","Canada","2016A000011124","Percent","239","units ","0","v733833","1","11.67","","","","2"
"1986-02","Canada","2016A000011124","Percent","239","units ","0","v733833","1","11.94","","","","2"
"1986-03","Canada","2016A000011124","Percent","239","units ","0","v733833","1","11.66","","","","2"
"1986-04","Canada","2016A000011124","Percent","239","units ","0","v733833","1","11.12","","","","2"
"1986-05","Canada","2016A000011124","Percent","239","units ","0","v733833","1","10.60","","","","2"
"1986-06","Canada","2016A000011124","Percent","239","units ","0","v733833","1","10.87","","","","2"
"1986-07","Canada","2016A000011124","Percent","239","units ","0","v733833","1","11.06","","","","2"
"1986-08","Canada","2016A000011124","Percent","239","units ","0","v733833","1","11.00","","","","2"
"1986-09","Canada","2016A000011124","Percent","239","units ","0","v733833","1","11.10","","","","2"
"1986-10","Canada","2016A000011124","Percent","239","units ","0","v733833","1","11.25","","","","2"
"1986-11","Canada","2016A000011124","Percent","239","units ","0","v733833","1","11.25","","","","2"
"1986-12","Canada","2016A000011124","Percent","239","units ","0","v733833","1","11.17","","","","2"
"1987-01","Canada","2016A000011124","Percent","239","units ","0","v733833","1","10.85","","","","2"
"1987-02","Canada","2016A000011124","Percent","239","units ","0","v733833","1","10.46","","","","2"
"1987-03","Canada","2016A000011124","Percent","239","units ","0","v733833","1","10.20","","","","2"
"1987-04","Canada","2016A000011124","Percent","239","units ","0","v733833","1","10.39","","","","2"
"1987-05","Canada","2016A000011124","Percent","239","units ","0","v733833","1","11.04","","","","2"
"1987-06","Canada","2016A000011124","Percent","239","units ","0","v733833","1","11.26","","","","2"
"1987-07","Canada","2016A000011124","Percent","239","units ","0","v733833","1","11.26","","","","2"
"1987-08","Canada","2016A000011124","Percent","239","units ","0","v733833","1","11.49","","","","2"
"1987-09","Canada","2016A000011124","Percent","239","units ","0","v733833","1","11.72","","","","2"
"1987-10","Canada","2016A000011124","Percent","239","units ","0","v733833","1","11.97","","","","2"
"1987-11","Canada","2016A000011124","Percent","239","units ","0","v733833","1","11.49","","","","2"
"1987-12","Canada","2016A000011124","Percent","239","units ","0","v733833","1","11.56","","","","2"
"1988-01","Canada","2016A000011124","Percent","239","units ","0","v733833","1","11.73","","","","2"
"1988-02","Canada","2016A000011124","Percent","239","units ","0","v733833","1","11.49","","","","2"
"1988-03","Canada","2016A000011124","Percent","239","units ","0","v733833","1","11.08","","","","2"
"1988-04","Canada","2016A000011124","Percent","239","units ","0","v733833","1","11.04","","","","2"
"1988-05","Canada","2016A000011124","Percent","239","units ","0","v733833","1","11.29","","","","2"
"1988-06","Canada","2016A000011124","Percent","239","units ","0","v733833","1","11.41","","","","2"
"1988-07","Canada","2016A000011124","Percent","239","units ","0","v733833","1","11.40","","","","2"
"1988-08","Canada","2016A000011124","Percent","239","units ","0","v733833","1","11.92","","","","2"
"1988-09","Canada","2016A000011124","Percent","239","units ","0","v733833","1","12.16","","","","2"
"1988-10","Canada","2016A000011124","Percent","239","units ","0","v733833","1","11.79","","","","2"
"1988-11","Canada","2016A000011124","Percent","239","units ","0","v733833","1","11.78","","","","2"
"1988-12","Canada","2016A000011124","Percent","239","units ","0","v733833","1","12.13","","","","2"
"1989-01","Canada","2016A000011124","Percent","239","units ","0","v733833","1","12.24","","","","2"
"1989-02","Canada","2016A000011124","Percent","239","units ","0","v733833","1","12.23","","","","2"
"1989-03","Canada","2016A000011124","Percent","239","units ","0","v733833","1","12.41","","","","2"
"1989-04","Canada","2016A000011124","Percent","239","units ","0","v733833","1","12.72","","","","2"
"1989-05","Canada","2016A000011124","Percent","239","units ","0","v733833","1","12.29","","","","2"
"1989-06","Canada","2016A000011124","Percent","239","units ","0","v733833","1","11.93","","","","2"
"1989-07","Canada","2016A000011124","Percent","239","units ","0","v733833","1","11.85","","","","2"
"1989-08","Canada","2016A000011124","Percent","239","units ","0","v733833","1","11.76","","","","2"
"1989-09","Canada","2016A000011124","Percent","239","units ","0","v733833","1","11.75","","","","2"
"1989-10","Canada","2016A000011124","Percent","239","units ","0","v733833","1","11.75","","","","2"
"1989-11","Canada","2016A000011124","Percent","239","units ","0","v733833","1","11.75","","","","2"
"1989-12","Canada","2016A000011124","Percent","239","units ","0","v733833","1","11.95","","","","2"
"1990-01","Canada","2016A000011124","Percent","239","units ","0","v733833","1","12.01","","","","2"
"1990-02","Canada","2016A000011124","Percent","239","units ","0","v733833","1","12.42","","","","2"
"1990-03","Canada","2016A000011124","Percent","239","units ","0","v733833","1","12.92","","","","2"
"1990-04","Canada","2016A000011124","Percent","239","units ","0","v733833","1","13.67","","","","2"
"1990-05","Canada","2016A000011124","Percent","239","units ","0","v733833","1","14.21","","","","2"
"1990-06","Canada","2016A000011124","Percent","239","units ","0","v733833","1","14.03","","","","2"
"1990-07","Canada","2016A000011124","Percent","239","units ","0","v733833","1","13.97","","","","2"
"1990-08","Canada","2016A000011124","Percent","239","units ","0","v733833","1","13.56","","","","2"
"1990-09","Canada","2016A000011124","Percent","239","units ","0","v733833","1","13.40","","","","2"
"1990-10","Canada","2016A000011124","Percent","239","units ","0","v733833","1","13.21","","","","2"
"1990-11","Canada","2016A000011124","Percent","239","units ","0","v733833","1","13.04","","","","2"
"1990-12","Canada","2016A000011124","Percent","239","units ","0","v733833","1","12.49","","","","2"
"1991-01","Canada","2016A000011124","Percent","239","units ","0","v733833","1","12.13","","","","2"
"1991-02","Canada","2016A000011124","Percent","239","units ","0","v733833","1","11.58","","","","2"
"1991-03","Canada","2016A000011124","Percent","239","units ","0","v733833","1","11.45","","","","2"
"1991-04","Canada","2016A000011124","Percent","239","units ","0","v733833","1","11.27","","","","2"
"1991-05","Canada","2016A000011124","Percent","239","units ","0","v733833","1","11.23","","","","2"
"1991-06","Canada","2016A000011124","Percent","239","units ","0","v733833","1","11.24","","","","2"
"1991-07","Canada","2016A000011124","Percent","239","units ","0","v733833","1","11.31","","","","2"
"1991-08","Canada","2016A000011124","Percent","239","units ","0","v733833","1","11.47","","","","2"
"1991-09","Canada","2016A000011124","Percent","239","units ","0","v733833","1","11.38","","","","2"
"1991-10","Canada","2016A000011124","Percent","239","units ","0","v733833","1","10.84","","","","2"
"1991-11","Canada","2016A000011124","Percent","239","units ","0","v733833","1","10.14","","","","2"
"1991-12","Canada","2016A000011124","Percent","239","units ","0","v733833","1","9.84","","","","2"
"1992-01","Canada","2016A000011124","Percent","239","units ","0","v733833","1","9.71","","","","2"
"1992-02","Canada","2016A000011124","Percent","239","units ","0","v733833","1","9.68","","","","2"
"1992-03","Canada","2016A000011124","Percent","239","units ","0","v733833","1","10.06","","","","2"
"1992-04","Canada","2016A000011124","Percent","239","units ","0","v733833","1","10.37","","","","2"
"1992-05","Canada","2016A000011124","Percent","239","units ","0","v733833","1","10.14","","","","2"
"1992-06","Canada","2016A000011124","Percent","239","units ","0","v733833","1","9.72","","","","2"
"1992-07","Canada","2016A000011124","Percent","239","units ","0","v733833","1","9.26","","","","2"
"1992-08","Canada","2016A000011124","Percent","239","units ","0","v733833","1","8.72","","","","2"
"1992-09","Canada","2016A000011124","Percent","239","units ","0","v733833","1","8.54","","","","2"
"1992-10","Canada","2016A000011124","Percent","239","units ","0","v733833","1","9.23","","","","2"
"1992-11","Canada","2016A000011124","Percent","239","units ","0","v733833","1","9.33","","","","2"
"1992-12","Canada","2016A000011124","Percent","239","units ","0","v733833","1","9.48","","","","2"
"1993-01","Canada","2016A000011124","Percent","239","units ","0","v733833","1","9.47","","","","2"
"1993-02","Canada","2016A000011124","Percent","239","units ","0","v733833","1","9.44","","","","2"
"1993-03","Canada","2016A000011124","Percent","239","units ","0","v733833","1","8.97","","","","2"
"1993-04","Canada","2016A000011124","Percent","239","units ","0","v733833","1","8.89","","","","2"
"1993-05","Canada","2016A000011124","Percent","239","units ","0","v733833","1","8.88","","","","2"
"1993-06","Canada","2016A000011124","Percent","239","units ","0","v733833","1","8.86","","","","2"
"1993-07","Canada","2016A000011124","Percent","239","units ","0","v733833","1","8.68","","","","2"
"1993-08","Canada","2016A000011124","Percent","239","units ","0","v733833","1","8.58","","","","2"
"1993-09","Canada","2016A000011124","Percent","239","units ","0","v733833","1","8.57","","","","2"
"1993-10","Canada","2016A000011124","Percent","239","units ","0","v733833","1","8.55","","","","2"
"1993-11","Canada","2016A000011124","Percent","239","units ","0","v733833","1","7.84","","","","2"
"1993-12","Canada","2016A000011124","Percent","239","units ","0","v733833","1","7.71","","","","2"
"1994-01","Canada","2016A000011124","Percent","239","units ","0","v733833","1","7.33","","","","2"
"1994-02","Canada","2016A000011124","Percent","239","units ","0","v733833","1","7.20","","","","2"
"1994-03","Canada","2016A000011124","Percent","239","units ","0","v733833","1","7.89","","","","2"
"1994-04","Canada","2016A000011124","Percent","239","units ","0","v733833","1","9.43","","","","2"
"1994-05","Canada","2016A000011124","Percent","239","units ","0","v733833","1","9.48","","","","2"
"1994-06","Canada","2016A000011124","Percent","239","units ","0","v733833","1","9.80","","","","2"
"1994-07","Canada","2016A000011124","Percent","239","units ","0","v733833","1","10.69","","","","2"
"1994-08","Canada","2016A000011124","Percent","239","units ","0","v733833","1","10.33","","","","2"
"1994-09","Canada","2016A000011124","Percent","239","units ","0","v733833","1","10.01","","","","2"
"1994-10","Canada","2016A000011124","Percent","239","units ","0","v733833","1","9.84","","","","2"
"1994-11","Canada","2016A000011124","Percent","239","units ","0","v733833","1","9.85","","","","2"
"1994-12","Canada","2016A000011124","Percent","239","units ","0","v733833","1","10.25","","","","2"
"1995-01","Canada","2016A000011124","Percent","239","units ","0","v733833","1","10.60","","","","2"
"1995-02","Canada","2016A000011124","Percent","239","units ","0","v733833","1","10.48","","","","2"
"1995-03","Canada","2016A000011124","Percent","239","units ","0","v733833","1","9.93","","","","2"
"1995-04","Canada","2016A000011124","Percent","239","units ","0","v733833","1","9.66","","","","2"
"1995-05","Canada","2016A000011124","Percent","239","units ","0","v733833","1","8.98","","","","2"
"1995-06","Canada","2016A000011124","Percent","239","units ","0","v733833","1","8.67","","","","2"
"1995-07","Canada","2016A000011124","Percent","239","units ","0","v733833","1","8.54","","","","2"
"1995-08","Canada","2016A000011124","Percent","239","units ","0","v733833","1","8.94","","","","2"
"1995-09","Canada","2016A000011124","Percent","239","units ","0","v733833","1","8.95","","","","2"
"1995-10","Canada","2016A000011124","Percent","239","units ","0","v733833","1","8.75","","","","2"
"1995-11","Canada","2016A000011124","Percent","239","units ","0","v733833","1","8.66","","","","2"
"1995-12","Canada","2016A000011124","Percent","239","units ","0","v733833","1","8.46","","","","2"
"1996-01","Canada","2016A000011124","Percent","239","units ","0","v733833","1","8.02","","","","2"
"1996-02","Canada","2016A000011124","Percent","239","units ","0","v733833","1","7.79","","","","2"
"1996-03","Canada","2016A000011124","Percent","239","units ","0","v733833","1","8.16","","","","2"
"1996-04","Canada","2016A000011124","Percent","239","units ","0","v733833","1","8.48","","","","2"
"1996-05","Canada","2016A000011124","Percent","239","units ","0","v733833","1","8.47","","","","2"
"1996-06","Canada","2016A000011124","Percent","239","units ","0","v733833","1","8.48","","","","2"
"1996-07","Canada","2016A000011124","Percent","239","units ","0","v733833","1","8.48","","","","2"
"1996-08","Canada","2016A000011124","Percent","239","units ","0","v733833","1","8.01","","","","2"
"1996-09","Canada","2016A000011124","Percent","239","units ","0","v733833","1","7.94","","","","2"
"1996-10","Canada","2016A000011124","Percent","239","units ","0","v733833","1","7.50","","","","2"
"1996-11","Canada","2016A000011124","Percent","239","units ","0","v733833","1","7.01","","","","2"
"1996-12","Canada","2016A000011124","Percent","239","units ","0","v733833","1","6.94","","","","2"
"1997-01","Canada","2016A000011124","Percent","239","units ","0","v733833","1","7.14","","","","2"
"1997-02","Canada","2016A000011124","Percent","239","units ","0","v733833","1","7.12","","","","2"
"1997-03","Canada","2016A000011124","Percent","239","units ","0","v733833","1","7.06","","","","2"
"1997-04","Canada","2016A000011124","Percent","239","units ","0","v733833","1","7.56","","","","2"
"1997-05","Canada","2016A000011124","Percent","239","units ","0","v733833","1","7.46","","","","2"
"1997-06","Canada","2016A000011124","Percent","239","units ","0","v733833","1","7.22","","","","2"
"1997-07","Canada","2016A000011124","Percent","239","units ","0","v733833","1","6.98","","","","2"
"1997-08","Canada","2016A000011124","Percent","239","units ","0","v733833","1","7.00","","","","2"
"1997-09","Canada","2016A000011124","Percent","239","units ","0","v733833","1","6.96","","","","2"
"1997-10","Canada","2016A000011124","Percent","239","units ","0","v733833","1","6.73","","","","2"
"1997-11","Canada","2016A000011124","Percent","239","units ","0","v733833","1","6.69","","","","2"
"1997-12","Canada","2016A000011124","Percent","239","units ","0","v733833","1","6.90","","","","2"
"1998-01","Canada","2016A000011124","Percent","239","units ","0","v733833","1","6.90","","","","2"
"1998-02","Canada","2016A000011124","Percent","239","units ","0","v733833","1","6.84","","","","2"
"1998-03","Canada","2016A000011124","Percent","239","units ","0","v733833","1","6.84","","","","2"
"1998-04","Canada","2016A000011124","Percent","239","units ","0","v733833","1","6.79","","","","2"
"1998-05","Canada","2016A000011124","Percent","239","units ","0","v733833","1","6.92","","","","2"
"1998-06","Canada","2016A000011124","Percent","239","units ","0","v733833","1","6.90","","","","2"
"1998-07","Canada","2016A000011124","Percent","239","units ","0","v733833","1","6.90","","","","2"
"1998-08","Canada","2016A000011124","Percent","239","units ","0","v733833","1","7.08","","","","2"
"1998-09","Canada","2016A000011124","Percent","239","units ","0","v733833","1","7.32","","","","2"
"1998-10","Canada","2016A000011124","Percent","239","units ","0","v733833","1","6.73","","","","2"
"1998-11","Canada","2016A000011124","Percent","239","units ","0","v733833","1","6.94","","","","2"
"1998-12","Canada","2016A000011124","Percent","239","units ","0","v733833","1","6.69","","","","2"
"1999-01","Canada","2016A000011124","Percent","239","units ","0","v733833","1","6.79","","","","2"
"1999-02","Canada","2016A000011124","Percent","239","units ","0","v733833","1","6.79","","","","2"
"1999-03","Canada","2016A000011124","Percent","239","units ","0","v733833","1","7.03","","","","2"
"1999-04","Canada","2016A000011124","Percent","239","units ","0","v733833","1","6.71","","","","2"
"1999-05","Canada","2016A000011124","Percent","239","units ","0","v733833","1","6.99","","","","2"
"1999-06","Canada","2016A000011124","Percent","239","units ","0","v733833","1","7.35","","","","2"
"1999-07","Canada","2016A000011124","Percent","239","units ","0","v733833","1","7.42","","","","2"
"1999-08","Canada","2016A000011124","Percent","239","units ","0","v733833","1","7.80","","","","2"
"1999-09","Canada","2016A000011124","Percent","239","units ","0","v733833","1","7.67","","","","2"
"1999-10","Canada","2016A000011124","Percent","239","units ","0","v733833","1","7.90","","","","2"
"1999-11","Canada","2016A000011124","Percent","239","units ","0","v733833","1","8.13","","","","2"
"1999-12","Canada","2016A000011124","Percent","239","units ","0","v733833","1","8.13","","","","2"
"2000-01","Canada","2016A000011124","Percent","239","units ","0","v733833","1","8.34","","","","2"
"2000-02","Canada","2016A000011124","Percent","239","units ","0","v733833","1","8.43","","","","2"
"2000-03","Canada","2016A000011124","Percent","239","units ","0","v733833","1","8.24","","","","2"
"2000-04","Canada","2016A000011124","Percent","239","units ","0","v733833","1","8.23","","","","2"
"2000-05","Canada","2016A000011124","Percent","239","units ","0","v733833","1","8.50","","","","2"
"2000-06","Canada","2016A000011124","Percent","239","units ","0","v733833","1","8.34","","","","2"
"2000-07","Canada","2016A000011124","Percent","239","units ","0","v733833","1","8.18","","","","2"
"2000-08","Canada","2016A000011124","Percent","239","units ","0","v733833","1","8.08","","","","2"
"2000-09","Canada","2016A000011124","Percent","239","units ","0","v733833","1","8.08","","","","2"
"2000-10","Canada","2016A000011124","Percent","239","units ","0","v733833","1","8.08","","","","2"
"2000-11","Canada","2016A000011124","Percent","239","units ","0","v733833","1","8.04","","","","2"
"2000-12","Canada","2016A000011124","Percent","239","units ","0","v733833","1","7.81","","","","2"
"2001-01","Canada","2016A000011124","Percent","239","units ","0","v733833","1","7.58","","","","2"
"2001-02","Canada","2016A000011124","Percent","239","units ","0","v733833","1","7.52","","","","2"
"2001-03","Canada","2016A000011124","Percent","239","units ","0","v733833","1","7.19","","","","2"
"2001-04","Canada","2016A000011124","Percent","239","units ","0","v733833","1","7.22","","","","2"
"2001-05","Canada","2016A000011124","Percent","239","units ","0","v733833","1","7.38","","","","2"
"2001-06","Canada","2016A000011124","Percent","239","units ","0","v733833","1","7.47","","","","2"
"2001-07","Canada","2016A000011124","Percent","239","units ","0","v733833","1","7.46","","","","2"
"2001-08","Canada","2016A000011124","Percent","239","units ","0","v733833","1","7.39","","","","2"
"2001-09","Canada","2016A000011124","Percent","239","units ","0","v733833","1","7.03","","","","2"
"2001-10","Canada","2016A000011124","Percent","239","units ","0","v733833","1","6.74","","","","2"
"2001-11","Canada","2016A000011124","Percent","239","units ","0","v733833","1","6.51","","","","2"
"2001-12","Canada","2016A000011124","Percent","239","units ","0","v733833","1","6.64","","","","2"
"2002-01","Canada","2016A000011124","Percent","239","units ","0","v733833","1","6.62","","","","2"
"2002-02","Canada","2016A000011124","Percent","239","units ","0","v733833","1","6.59","","","","2"
"2002-03","Canada","2016A000011124","Percent","239","units ","0","v733833","1","6.80","","","","2"
"2002-04","Canada","2016A000011124","Percent","239","units ","0","v733833","1","7.00","","","","2"
"2002-05","Canada","2016A000011124","Percent","239","units ","0","v733833","1","7.00","","","","2"
"2002-06","Canada","2016A000011124","Percent","239","units ","0","v733833","1","6.98","","","","2"
"2002-07","Canada","2016A000011124","Percent","239","units ","0","v733833","1","6.90","","","","2"
"2002-08","Canada","2016A000011124","Percent","239","units ","0","v733833","1","6.61","","","","2"
"2002-09","Canada","2016A000011124","Percent","239","units ","0","v733833","1","6.49","","","","2"
"2002-10","Canada","2016A000011124","Percent","239","units ","0","v733833","1","6.50","","","","2"
"2002-11","Canada","2016A000011124","Percent","239","units ","0","v733833","1","6.47","","","","2"
"2002-12","Canada","2016A000011124","Percent","239","units ","0","v733833","1","6.39","","","","2"
"2003-01","Canada","2016A000011124","Percent","239","units ","0","v733833","1","6.26","","","","2"
"2003-02","Canada","2016A000011124","Percent","239","units ","0","v733833","1","6.29","","","","2"
"2003-03","Canada","2016A000011124","Percent","239","units ","0","v733833","1","6.33","","","","2"
"2003-04","Canada","2016A000011124","Percent","239","units ","0","v733833","1","6.44","","","","2"
"2003-05","Canada","2016A000011124","Percent","239","units ","0","v733833","1","6.10","","","","2"
"2003-06","Canada","2016A000011124","Percent","239","units ","0","v733833","1","5.62","","","","2"
"2003-07","Canada","2016A000011124","Percent","239","units ","0","v733833","1","5.71","","","","2"
"2003-08","Canada","2016A000011124","Percent","239","units ","0","v733833","1","5.87","","","","2"
"2003-09","Canada","2016A000011124","Percent","239","units ","0","v733833","1","5.97","","","","2"
"2003-10","Canada","2016A000011124","Percent","239","units ","0","v733833","1","5.83","","","","2"
"2003-11","Canada","2016A000011124","Percent","239","units ","0","v733833","1","6.02","","","","2"
"2003-12","Canada","2016A000011124","Percent","239","units ","0","v733833","1","6.00","","","","2"
"2004-01","Canada","2016A000011124","Percent","239","units ","0","v733833","1","5.78","","","","2"
"2004-02","Canada","2016A000011124","Percent","239","units ","0","v733833","1","5.51","","","","2"
"2004-03","Canada","2016A000011124","Percent","239","units ","0","v733833","1","5.31","","","","2"
"2004-04","Canada","2016A000011124","Percent","239","units ","0","v733833","1","5.56","","","","2"
"2004-05","Canada","2016A000011124","Percent","239","units ","0","v733833","1","5.82","","","","2"
"2004-06","Canada","2016A000011124","Percent","239","units ","0","v733833","1","6.06","","","","2"
"2004-07","Canada","2016A000011124","Percent","239","units ","0","v733833","1","6.10","","","","2"
"2004-08","Canada","2016A000011124","Percent","239","units ","0","v733833","1","5.97","","","","2"
"2004-09","Canada","2016A000011124","Percent","239","units ","0","v733833","1","5.94","","","","2"
"2004-10","Canada","2016A000011124","Percent","239","units ","0","v733833","1","5.95","","","","2"
"2004-11","Canada","2016A000011124","Percent","239","units ","0","v733833","1","5.87","","","","2"
"2004-12","Canada","2016A000011124","Percent","239","units ","0","v733833","1","5.69","","","","2"
"2005-01","Canada","2016A000011124","Percent","239","units ","0","v733833","1","5.60","","","","2"
"2005-02","Canada","2016A000011124","Percent","239","units ","0","v733833","1","5.59","","","","2"
"2005-03","Canada","2016A000011124","Percent","239","units ","0","v733833","1","5.60","","","","2"
"2005-04","Canada","2016A000011124","Percent","239","units ","0","v733833","1","5.67","","","","2"
"2005-05","Canada","2016A000011124","Percent","239","units ","0","v733833","1","5.55","","","","2"
"2005-06","Canada","2016A000011124","Percent","239","units ","0","v733833","1","5.31","","","","2"
"2005-07","Canada","2016A000011124","Percent","239","units ","0","v733833","1","5.26","","","","2"
"2005-08","Canada","2016A000011124","Percent","239","units ","0","v733833","1","5.32","","","","2"
"2005-09","Canada","2016A000011124","Percent","239","units ","0","v733833","1","5.30","","","","2"
"2005-10","Canada","2016A000011124","Percent","239","units ","0","v733833","1","5.39","","","","2"
"2005-11","Canada","2016A000011124","Percent","239","units ","0","v733833","1","5.56","","","","2"
"2005-12","Canada","2016A000011124","Percent","239","units ","0","v733833","1","5.60","","","","2"
"2006-01","Canada","2016A000011124","Percent","239","units ","0","v733833","1","5.65","","","","2"
"2006-02","Canada","2016A000011124","Percent","239","units ","0","v733833","1","5.75","","","","2"
"2006-03","Canada","2016A000011124","Percent","239","units ","0","v733833","1","5.78","","","","2"
"2006-04","Canada","2016A000011124","Percent","239","units ","0","v733833","1","5.88","","","","2"
"2006-05","Canada","2016A000011124","Percent","239","units ","0","v733833","1","6.05","","","","2"
"2006-06","Canada","2016A000011124","Percent","239","units ","0","v733833","1","6.12","","","","2"
"2006-07","Canada","2016A000011124","Percent","239","units ","0","v733833","1","6.26","","","","2"
"2006-08","Canada","2016A000011124","Percent","239","units ","0","v733833","1","6.24","","","","2"
"2006-09","Canada","2016A000011124","Percent","239","units ","0","v733833","1","6.13","","","","2"
"2006-10","Canada","2016A000011124","Percent","239","units ","0","v733833","1","6.01","","","","2"
"2006-11","Canada","2016A000011124","Percent","239","units ","0","v733833","1","5.99","","","","2"
"2006-12","Canada","2016A000011124","Percent","239","units ","0","v733833","1","5.89","","","","2"
"2007-01","Canada","2016A000011124","Percent","239","units ","0","v733833","1","5.91","","","","2"
"2007-02","Canada","2016A000011124","Percent","239","units ","0","v733833","1","6.00","","","","2"
"2007-03","Canada","2016A000011124","Percent","239","units ","0","v733833","1","5.91","","","","2"
"2007-04","Canada","2016A000011124","Percent","239","units ","0","v733833","1","5.92","","","","2"
"2007-05","Canada","2016A000011124","Percent","239","units ","0","v733833","1","6.01","","","","2"
"2007-06","Canada","2016A000011124","Percent","239","units ","0","v733833","1","6.51","","","","2"
"2007-07","Canada","2016A000011124","Percent","239","units ","0","v733833","1","6.60","","","","2"
"2007-08","Canada","2016A000011124","Percent","239","units ","0","v733833","1","6.62","","","","2"
"2007-09","Canada","2016A000011124","Percent","239","units ","0","v733833","1","6.61","","","","2"
"2007-10","Canada","2016A000011124","Percent","239","units ","0","v733833","1","6.69","","","","2"
"2007-11","Canada","2016A000011124","Percent","239","units ","0","v733833","1","6.73","","","","2"
"2007-12","Canada","2016A000011124","Percent","239","units ","0","v733833","1","6.75","","","","2"
"2008-01","Canada","2016A000011124","Percent","239","units ","0","v733833","1","6.81","","","","2"
"2008-02","Canada","2016A000011124","Percent","239","units ","0","v733833","1","6.72","","","","2"
"2008-03","Canada","2016A000011124","Percent","239","units ","0","v733833","1","6.60","","","","2"
"2008-04","Canada","2016A000011124","Percent","239","units ","0","v733833","1","6.40","","","","2"
"2008-05","Canada","2016A000011124","Percent","239","units ","0","v733833","1","6.21","","","","2"
"2008-06","Canada","2016A000011124","Percent","239","units ","0","v733833","1","6.20","","","","2"
"2008-07","Canada","2016A000011124","Percent","239","units ","0","v733833","1","6.37","","","","2"
"2008-08","Canada","2016A000011124","Percent","239","units ","0","v733833","1","6.25","","","","2"
"2008-09","Canada","2016A000011124","Percent","239","units ","0","v733833","1","6.16","","","","2"
"2008-10","Canada","2016A000011124","Percent","239","units ","0","v733833","1","6.46","","","","2"
"2008-11","Canada","2016A000011124","Percent","239","units ","0","v733833","1","6.51","","","","2"
"2008-12","Canada","2016A000011124","Percent","239","units ","0","v733833","1","6.17","","","","2"
"2009-01","Canada","2016A000011124","Percent","239","units ","0","v733833","1","5.78","","","","2"
"2009-02","Canada","2016A000011124","Percent","239","units ","0","v733833","1","5.28","","","","2"
"2009-03","Canada","2016A000011124","Percent","239","units ","0","v733833","1","5.14","","","","2"
"2009-04","Canada","2016A000011124","Percent","239","units ","0","v733833","1","4.79","","","","2"
"2009-05","Canada","2016A000011124","Percent","239","units ","0","v733833","1","4.62","","","","2"
"2009-06","Canada","2016A000011124","Percent","239","units ","0","v733833","1","4.90","","","","2"
"2009-07","Canada","2016A000011124","Percent","239","units ","0","v733833","1","5.14","","","","2"
"2009-08","Canada","2016A000011124","Percent","239","units ","0","v733833","1","5.13","","","","2"
"2009-09","Canada","2016A000011124","Percent","239","units ","0","v733833","1","4.97","","","","2"
"2009-10","Canada","2016A000011124","Percent","239","units ","0","v733833","1","5.00","","","","2"
"2009-11","Canada","2016A000011124","Percent","239","units ","0","v733833","1","5.06","","","","2"
"2009-12","Canada","2016A000011124","Percent","239","units ","0","v733833","1","4.83","","","","2"
"2010-01","Canada","2016A000011124","Percent","239","units ","0","v733833","1","4.80","","","","2"
"2010-02","Canada","2016A000011124","Percent","239","units ","0","v733833","1","4.73","","","","2"
"2010-03","Canada","2016A000011124","Percent","239","units ","0","v733833","1","4.71","","","","2"
"2010-04","Canada","2016A000011124","Percent","239","units ","0","v733833","1","5.15","","","","2"
"2010-05","Canada","2016A000011124","Percent","239","units ","0","v733833","1","5.30","","","","2"
"2010-06","Canada","2016A000011124","Percent","239","units ","0","v733833","1","5.18","","","","2"
"2010-07","Canada","2016A000011124","Percent","239","units ","0","v733833","1","5.02","","","","2"
"2010-08","Canada","2016A000011124","Percent","239","units ","0","v733833","1","4.82","","","","2"
"2010-09","Canada","2016A000011124","Percent","239","units ","0","v733833","1","4.60","","","","2"
"2010-10","Canada","2016A000011124","Percent","239","units ","0","v733833","1","4.52","","","","2"
"2010-11","Canada","2016A000011124","Percent","239","units ","0","v733833","1","4.45","","","","2"
"2010-12","Canada","2016A000011124","Percent","239","units ","0","v733833","1","4.50","","","","2"
"2011-01","Canada","2016A000011124","Percent","239","units ","0","v733833","1","4.55","","","","2"
"2011-02","Canada","2016A000011124","Percent","239","units ","0","v733833","1","4.68","","","","2"
"2011-03","Canada","2016A000011124","Percent","239","units ","0","v733833","1","4.70","","","","2"
"2011-04","Canada","2016A000011124","Percent","239","units ","0","v733833","1","4.87","","","","2"
"2011-05","Canada","2016A000011124","Percent","239","units ","0","v733833","1","4.83","","","","2"
"2011-06","Canada","2016A000011124","Percent","239","units ","0","v733833","1","4.60","","","","2"
"2011-07","Canada","2016A000011124","Percent","239","units ","0","v733833","1","4.57","","","","2"
"2011-08","Canada","2016A000011124","Percent","239","units ","0","v733833","1","4.52","","","","2"
"2011-09","Canada","2016A000011124","Percent","239","units ","0","v733833","1","4.42","","","","2"
"2011-10","Canada","2016A000011124","Percent","239","units ","0","v733833","1","4.35","","","","2"
"2011-11","Canada","2016A000011124","Percent","239","units ","0","v733833","1","4.38","","","","2"
"2011-12","Canada","2016A000011124","Percent","239","units ","0","v733833","1","4.36","","","","2"
"2012-01","Canada","2016A000011124","Percent","239","units ","0","v733833","1","4.31","","","","2"
"2012-02","Canada","2016A000011124","Percent","239","units ","0","v733833","1","4.23","","","","2"
"2012-03","Canada","2016A000011124","Percent","239","units ","0","v733833","1","4.21","","","","2"
"2012-04","Canada","2016A000011124","Percent","239","units ","0","v733833","1","4.36","","","","2"
"2012-05","Canada","2016A000011124","Percent","239","units ","0","v733833","1","4.35","","","","2"
"2012-06","Canada","2016A000011124","Percent","239","units ","0","v733833","1","4.25","","","","2"
"2012-07","Canada","2016A000011124","Percent","239","units ","0","v733833","1","4.23","","","","2"
"2012-08","Canada","2016A000011124","Percent","239","units ","0","v733833","1","4.23","","","","2"
"2012-09","Canada","2016A000011124","Percent","239","units ","0","v733833","1","4.20","","","","2"
"2012-10","Canada","2016A000011124","Percent","239","units ","0","v733833","1","4.17","","","","2"
"2012-11","Canada","2016A000011124","Percent","239","units ","0","v733833","1","4.15","","","","2"
"2012-12","Canada","2016A000011124","Percent","239","units ","0","v733833","1","4.15","","","","2"
"2013-01","Canada","2016A000011124","Percent","239","units ","0","v733833","1","4.14","","","","2"
"2013-02","Canada","2016A000011124","Percent","239","units ","0","v733833","1","4.11","","","","2"
"2013-03","Canada","2016A000011124","Percent","239","units ","0","v733833","1","4.02","","","","2"
"2013-04","Canada","2016A000011124","Percent","239","units ","0","v733833","1","4.02","","","","2"
"2013-05","Canada","2016A000011124","Percent","239","units ","0","v733833","1","4.02","","","","2"
"2013-06","Canada","2016A000011124","Percent","239","units ","0","v733833","1","4.00","","","","2"
"2013-07","Canada","2016A000011124","Percent","239","units ","0","v733833","1","4.08","","","","2"
"2013-08","Canada","2016A000011124","Percent","239","units ","0","v733833","1","4.14","","","","2"
"2013-09","Canada","2016A000011124","Percent","239","units ","0","v733833","1","4.33","","","","2"
"2013-10","Canada","2016A000011124","Percent","239","units ","0","v733833","1","4.40","","","","2"
"2013-11","Canada","2016A000011124","Percent","239","units ","0","v733833","1","4.39","","","","2"
"2013-12","Canada","2016A000011124","Percent","239","units ","0","v733833","1","4.39","","","","2"
"2014-01","Canada","2016A000011124","Percent","239","units ","0","v733833","1","4.38","","","","2"
"2014-02","Canada","2016A000011124","Percent","239","units ","0","v733833","1","4.32","","","","2"
"2014-03","Canada","2016A000011124","Percent","239","units ","0","v733833","1","4.16","","","","2"
"2014-04","Canada","2016A000011124","Percent","239","units ","0","v733833","1","4.02","","","","2"
"2014-05","Canada","2016A000011124","Percent","239","units ","0","v733833","1","4.02","","","","2"
"2014-06","Canada","2016A000011124","Percent","239","units ","0","v733833","1","4.00","","","","2"
"2014-07","Canada","2016A000011124","Percent","239","units ","0","v733833","1","4.01","","","","2"
"2014-08","Canada","2016A000011124","Percent","239","units ","0","v733833","1","4.01","","","","2"
"2014-09","Canada","2016A000011124","Percent","239","units ","0","v733833","1","4.02","","","","2"
"2014-10","Canada","2016A000011124","Percent","239","units ","0","v733833","1","4.00","","","","2"
"2014-11","Canada","2016A000011124","Percent","239","units ","0","v733833","1","4.00","","","","2"
"2014-12","Canada","2016A000011124","Percent","239","units ","0","v733833","1","3.98","","","","2"
"2015-01","Canada","2016A000011124","Percent","239","units ","0","v733833","1","3.96","","","","2"
"2015-02","Canada","2016A000011124","Percent","239","units ","0","v733833","1","3.91","","","","2"
"2015-03","Canada","2016A000011124","Percent","239","units ","0","v733833","1","3.84","","","","2"
"2015-04","Canada","2016A000011124","Percent","239","units ","0","v733833","1","3.76","","","","2"
"2015-05","Canada","2016A000011124","Percent","239","units ","0","v733833","1","3.74","","","","2"
"2015-06","Canada","2016A000011124","Percent","239","units ","0","v733833","1","3.72","","","","2"
"2015-07","Canada","2016A000011124","Percent","239","units ","0","v733833","1","3.71","","","","2"
"2015-08","Canada","2016A000011124","Percent","239","units ","0","v733833","1","3.71","","","","2"
"2015-09","Canada","2016A000011124","Percent","239","units ","0","v733833","1","3.71","","","","2"
"2015-10","Canada","2016A000011124","Percent","239","units ","0","v733833","1","3.72","","","","2"
"2015-11","Canada","2016A000011124","Percent","239","units ","0","v733833","1","3.72","","","","2"
"2015-12","Canada","2016A000011124","Percent","239","units ","0","v733833","1","3.75","","","","2"
"2016-01","Canada","2016A000011124","Percent","239","units ","0","v733833","1","3.76","","","","2"
"2016-02","Canada","2016A000011124","Percent","239","units ","0","v733833","1","3.75","","","","2"
"2016-03","Canada","2016A000011124","Percent","239","units ","0","v733833","1","3.73","","","","2"
"2016-04","Canada","2016A000011124","Percent","239","units ","0","v733833","1","3.70","","","","2"
"2016-05","Canada","2016A000011124","Percent","239","units ","0","v733833","1","3.67","","","","2"
"2016-06","Canada","2016A000011124","Percent","239","units ","0","v733833","1","3.66","","","","2"
"2016-07","Canada","2016A000011124","Percent","239","units ","0","v733833","1","3.67","","","","2"
"2016-08","Canada","2016A000011124","Percent","239","units ","0","v733833","1","3.68","","","","2"
"2016-09","Canada","2016A000011124","Percent","239","units ","0","v733833","1","3.67","","","","2"
"2016-10","Canada","2016A000011124","Percent","239","units ","0","v733833","1","3.68","","","","2"
"2016-11","Canada","2016A000011124","Percent","239","units ","0","v733833","1","3.70","","","","2"
"2016-12","Canada","2016A000011124","Percent","239","units ","0","v733833","1","3.74","","","","2"
"2017-01","Canada","2016A000011124","Percent","239","units ","0","v733833","1","3.73","","","","2"
"2017-02","Canada","2016A000011124","Percent","239","units ","0","v733833","1","3.75","","","","2"
"2017-03","Canada","2016A000011124","Percent","239","units ","0","v733833","1","3.66","","","","2"
"2017-04","Canada","2016A000011124","Percent","239","units ","0","v733833","1","3.62","","","","2"
"2017-05","Canada","2016A000011124","Percent","239","units ","0","v733833","1","3.59","","","","2"
"2017-06","Canada","2016A000011124","Percent","239","units ","0","v733833","1","3.60","","","","2"
"2017-07","Canada","2016A000011124","Percent","239","units ","0","v733833","1","3.72","","","","2"
"2017-08","Canada","2016A000011124","Percent","239","units ","0","v733833","1","3.82","","","","2"
"2017-09","Canada","2016A000011124","Percent","239","units ","0","v733833","1","3.89","","","","2"
"2017-10","Canada","2016A000011124","Percent","239","units ","0","v733833","1","3.98","","","","2"
"2017-11","Canada","2016A000011124","Percent","239","units ","0","v733833","1","4.04","","","","2"
"2017-12","Canada","2016A000011124","Percent","239","units ","0","v733833","1","4.07","","","","2"
"2018-01","Canada","2016A000011124","Percent","239","units ","0","v733833","1","4.14","","","","2"
"2018-02","Canada","2016A000011124","Percent","239","units ","0","v733833","1","4.26","","","","2"
"2018-03","Canada","2016A000011124","Percent","239","units ","0","v733833","1","4.27","","","","2"
"2018-04","Canada","2016A000011124","Percent","239","units ","0","v733833","1","4.27","","","","2"
"2018-05","Canada","2016A000011124","Percent","239","units ","0","v733833","1","4.35","","","","2"
"2018-06","Canada","2016A000011124","Percent","239","units ","0","v733833","1","4.32","","","","2"
"2018-07","Canada","2016A000011124","Percent","239","units ","0","v733833","1","4.42","","","","2"
"2018-08","Canada","2016A000011124","Percent","239","units ","0","v733833","1","4.43","","","","2"
"2018-09","Canada","2016A000011124","Percent","239","units ","0","v733833","1","4.43","","","","2"
"2018-10","Canada","2016A000011124","Percent","239","units ","0","v733833","1","4.48","","","","2"
"2018-11","Canada","2016A000011124","Percent","239","units ","0","v733833","1","4.38","","","","2"
"2018-12","Canada","2016A000011124","Percent","239","units ","0","v733833","1","4.59","","","","2"
"2019-01","Canada","2016A000011124","Percent","239","units ","0","v733833","1","4.59","","","","2"
"2019-02","Canada","2016A000011124","Percent","239","units ","0","v733833","1","4.52","","","","2"
"2019-03","Canada","2016A000011124","Percent","239","units ","0","v733833","1","4.44","","","","2"
"2019-04","Canada","2016A000011124","Percent","239","units ","0","v733833","1","4.33","","","","2"
"2019-05","Canada","2016A000011124","Percent","239","units ","0","v733833","1","4.30","","","","2"
"2019-06","Canada","2016A000011124","Percent","239","units ","0","v733833","1","4.23","","","","2"
"2019-07","Canada","2016A000011124","Percent","239","units ","0","v733833","1","4.14","","","","2"
"2019-08","Canada","2016A000011124","Percent","239","units ","0","v733833","1","4.08","","","","2"
"2019-09","Canada","2016A000011124","Percent","239","units ","0","v733833","1","4.07","","","","2"
"2019-10","Canada","2016A000011124","Percent","239","units ","0","v733833","1","4.09","","","","2"
"2019-11","Canada","2016A000011124","Percent","239","units","0","v733833","1","4.09","","","","2"
"2019-12","Canada","2016A000011124","Percent","239","units","0","v733833","1","4.08","","","","2"
"2020-01","Canada","2016A000011124","Percent","239","units","0","v733833","1","4.08","","","","2"
"2020-02","Canada","2016A000011124","Percent","239","units","0","v733833","1","4.08","","","","2"
"2020-03","Canada","2016A000011124","Percent","239","units","0","v733833","1","3.90","","","","2"
